comp1,comp2,x1,T,y1
water,methanol,0,337.6680579,0
water,methanol,0.02,337.9727767,0.008046708
water,methanol,0.04,338.2795468,0.016093442
water,methanol,0.06,338.5884468,0.024142119
water,methanol,0.08,338.8995639,0.032194907
water,methanol,0.1,339.2129948,0.040254255
water,methanol,0.12,339.5288473,0.048322919
water,methanol,0.14,339.8472411,0.056403996
water,methanol,0.16,340.1683094,0.064500965
water,methanol,0.18,340.492201,0.072617722
water,methanol,0.2,340.8190815,0.080758636
water,methanol,0.22,341.149136,0.088928594
water,methanol,0.24,341.4825712,0.097133069
water,methanol,0.26,341.8196181,0.105378189
water,methanol,0.28,342.1605355,0.113670812
water,methanol,0.3,342.5056129,0.122018623
water,methanol,0.32,342.8551752,0.130430238
water,methanol,0.34,343.2095868,0.138915323
water,methanol,0.36,343.5692575,0.147484738
water,methanol,0.38,343.9346478,0.156150699
water,methanol,0.4,344.3062767,0.16492697
water,methanol,0.42,344.6847295,0.173829085
water,methanol,0.44,345.0706671,0.182874614
water,methanol,0.46,345.4648373,0.192083475
water,methanol,0.48,345.8680875,0.201478302
water,methanol,0.5,346.2813799,0.211084889
water,methanol,0.52,346.7058091,0.220932725
water,methanol,0.54,347.1426233,0.231055633
water,methanol,0.56,347.5932493,0.241492556
water,methanol,0.58,348.0593229,0.252288514
water,methanol,0.6,348.5427244,0.263495787
water,methanol,0.62,349.0456232,0.275175388
water,methanol,0.64,349.5705308,0.287398907
water,methanol,0.66,350.1203672,0.300250845
water,methanol,0.68,350.6985423,0.313831605
water,methanol,0.7,351.3090592,0.328261345
water,methanol,0.72,351.9566431,0.34368503
water,methanol,0.74,352.6469084,0.360279113
water,methanol,0.76,353.3865735,0.378260517
water,methanol,0.78,354.1837443,0.397898893
water,methanol,0.8,355.0482916,0.419533649
water,methanol,0.82,355.9923644,0.443598066
water,methanol,0.84,357.0310988,0.470654234
water,methanol,0.86,358.1836228,0.501444923
water,methanol,0.88,359.4745136,0.536972884
water,methanol,0.9,360.9359752,0.578626201
water,methanol,0.92,362.6112079,0.628384405
water,methanol,0.94,364.5598407,0.689173714
water,methanol,0.96,366.8671399,0.765515378
water,methanol,0.98,369.6606257,0.864796469
water,methanol,1,373.1425686,1
water,ethanol,0,351.4393189,0
water,ethanol,0.02,351.382978,0.021966874
water,ethanol,0.04,351.3394105,0.042951536
water,ethanol,0.06,351.3081289,0.063006285
water,ethanol,0.08,351.2886587,0.082179821
water,ethanol,0.1,351.2805377,0.100517539
water,ethanol,0.12,351.2833147,0.118061811
water,ethanol,0.14,351.2965488,0.134852238
water,ethanol,0.16,351.3198082,0.150925887
water,ethanol,0.18,351.3526699,0.166317511
water,ethanol,0.2,351.3947186,0.18105976
water,ethanol,0.22,351.445547,0.195183375
water,ethanol,0.24,351.5047551,0.208717376
water,ethanol,0.26,351.5719502,0.221689244
water,ethanol,0.28,351.6467477,0.234125095
water,ethanol,0.3,351.7287715,0.246049858
water,ethanol,0.32,351.8176553,0.257487447
water,ethanol,0.34,351.913044,0.268460942
water,ethanol,0.36,352.0145963,0.278992773
water,ethanol,0.38,352.121988,0.28910492
water,ethanol,0.4,352.2349155,0.29881912
water,ethanol,0.42,352.3531015,0.308157102
water,ethanol,0.44,352.4763017,0.317140845
water,ethanol,0.46,352.6043132,0.325792875
water,ethanol,0.48,352.7369854,0.334136599
water,ethanol,0.5,352.8742338,0.342196704
water,ethanol,0.52,353.0160568,0.349999627
water,ethanol,0.54,353.1625577,0.357574119
water,ethanol,0.56,353.3139713,0.364951925
water,ethanol,0.58,353.4706989,0.372168629
water,ethanol,0.6,353.633351,0.379264698
water,ethanol,0.62,353.8028025,0.386286793
water,ethanol,0.64,353.9802632,0.39328944
water,ethanol,0.66,354.1673675,0.400337178
water,ethanol,0.68,354.3662916,0.407507372
water,ethanol,0.7,354.5799048,0.41489392
water,ethanol,0.72,354.8119705,0.422612251
water,ethanol,0.74,355.067413,0.430806158
water,ethanol,0.76,355.3526786,0.439657316
water,ethanol,0.78,355.6762323,0.449398848
water,ethanol,0.8,356.0492527,0.460335102
water,ethanol,0.82,356.4866277,0.472871301
water,ethanol,0.84,357.0084191,0.487559405
water,ethanol,0.86,357.6420839,0.505171676
water,ethanol,0.88,358.4259712,0.526823855
water,ethanol,0.9,359.4150816,0.554192311
water,ethanol,0.92,360.6910889,0.589921744
water,ethanol,0.94,362.381034,0.638453827
water,ethanol,0.96,364.6954963,0.707894754
water,ethanol,0.98,368.0167477,0.814863753
water,ethanol,1,373.1425686,1
water,isopropanol,0,355.1857458,0
water,isopropanol,0.02,354.9428468,0.029288144
water,isopropanol,0.04,354.7190767,0.057049079
water,isopropanol,0.06,354.5139756,0.083364436
water,isopropanol,0.08,354.3270692,0.108310879
water,isopropanol,0.1,354.1578711,0.131960273
water,isopropanol,0.12,354.0058837,0.154379861
water,isopropanol,0.14,353.8705995,0.175632454
water,isopropanol,0.16,353.7515011,0.195776623
water,isopropanol,0.18,353.6480615,0.214866891
water,isopropanol,0.2,353.5597433,0.232953932
water,isopropanol,0.22,353.4859983,0.250084754
water,isopropanol,0.24,353.4262657,0.266302886
water,isopropanol,0.26,353.3799708,0.281648558
water,isopropanol,0.28,353.3465227,0.296158872
water,isopropanol,0.3,353.3253123,0.309867972
water,isopropanol,0.32,353.3157093,0.322807201
water,isopropanol,0.34,353.3170595,0.33500526
water,isopropanol,0.36,353.3286814,0.346488366
water,isopropanol,0.38,353.3498626,0.357280401
water,isopropanol,0.4,353.3798566,0.367403074
water,isopropanol,0.42,353.4178788,0.376876079
water,isopropanol,0.44,353.4631034,0.385717278
water,isopropanol,0.46,353.5146601,0.393942889
water,isopropanol,0.48,353.5716316,0.401567711
water,isopropanol,0.5,353.6330527,0.408605382
water,isopropanol,0.52,353.6979102,0.415068695
water,isopropanol,0.54,353.7651464,0.420969984
water,isopropanol,0.56,353.8336658,0.426321612
water,isopropanol,0.58,353.9023474,0.431136586
water,isopropanol,0.6,353.9700653,0.435429356
water,isopropanol,0.62,354.0357196,0.439216854
water,isopropanol,0.64,354.0982835,0.44251986
water,isopropanol,0.66,354.1568724,0.445364799
water,isopropanol,0.68,354.2108437,0.447786163
water,isopropanol,0.7,354.2599415,0.449829753
water,isopropanol,0.72,354.304503,0.451557124
water,isopropanol,0.74,354.3457555,0.453051717
water,isopropanol,0.76,354.3862455,0.454427504
water,isopropanol,0.78,354.430461,0.455841418
water,isopropanol,0.8,354.4857506,0.457511726
water,isopropanol,0.82,354.5637031,0.459746122
water,isopropanol,0.84,354.6822777,0.462986465
water,isopropanol,0.86,354.8692122,0.467883713
water,isopropanol,0.88,355.1677441,0.475431311
water,isopropanol,0.9,355.646841,0.487221068
water,isopropanol,0.92,356.4210787,0.505982388
water,isopropanol,0.94,357.6938191,0.536868114
water,isopropanol,0.96,359.8669713,0.591103578
water,isopropanol,0.98,363.8971613,0.69960179
water,isopropanol,1,373.1425686,1
water,acetone,0,329.2764502,0
water,acetone,0.02,329.3007422,0.018485121
water,acetone,0.04,329.3563112,0.034631489
water,acetone,0.06,329.4357723,0.048810245
water,acetone,0.08,329.5333189,0.061310578
water,acetone,0.1,329.6442939,0.072363097
water,acetone,0.12,329.7649044,0.082155385
water,acetone,0.14,329.8920254,0.090842678
water,acetone,0.16,330.0230621,0.098555396
water,acetone,0.18,330.1558505,0.105404581
water,acetone,0.2,330.2885848,0.111485893
water,acetone,0.22,330.419763,0.116882616
water,acetone,0.24,330.548146,0.121667948
water,acetone,0.26,330.6727267,0.125906778
water,acetone,0.28,330.7927059,0.129657089
water,acetone,0.3,330.9074745,0.132971077
water,acetone,0.32,331.0166004,0.135896066
water,acetone,0.34,331.1198186,0.138475268
water,acetone,0.36,331.2170257,0.140748425
water,acetone,0.38,331.3082771,0.142752361
water,acetone,0.4,331.3937873,0.14452148
water,acetone,0.42,331.4739344,0.146088214
water,acetone,0.44,331.549267,0.147483443
water,acetone,0.46,331.6205163,0.148736912
water,acetone,0.48,331.6886123,0.149877646
water,acetone,0.5,331.7547052,0.15093438
water,acetone,0.52,331.8201946,0.151936034
water,acetone,0.54,331.886766,0.152912241
water,acetone,0.56,331.9564377,0.153893959
water,acetone,0.58,332.0316212,0.1549142
water,acetone,0.6,332.1151973,0.156008932
water,acetone,0.62,332.2106145,0.157218202
water,acetone,0.64,332.3220156,0.158587583
water,acetone,0.66,332.4544015,0.160170081
water,acetone,0.68,332.6138468,0.162028681
water,acetone,0.7,332.8077854,0.164239835
water,acetone,0.72,333.0453951,0.166898336
water,acetone,0.74,333.3381217,0.170124288
water,acetone,0.76,333.7004089,0.174073306
water,acetone,0.78,334.1507319,0.17895186
water,acetone,0.8,334.7130989,0.185041053
water,acetone,0.82,335.4192875,0.192734754
water,acetone,0.84,336.3122831,0.202603205
water,acetone,0.86,337.4517545,0.215504157
water,acetone,0.88,338.9231548,0.232788054
water,acetone,0.9,340.8536246,0.256703
water,acetone,0.92,343.441517,0.29126278
water,acetone,0.94,347.0153664,0.344311583
water,acetone,0.96,352.1623877,0.433142675
water,acetone,0.98,360.0366247,0.60274393
water,acetone,1,373.1425686,1
water,ethylene-glycol,0,470.3954759,0
water,ethylene-glycol,0.02,461.960618,0.24062425
water,ethylene-glycol,0.04,454.7403725,0.407790553
water,ethylene-glycol,0.06,448.4903759,0.527611502
water,ethylene-glycol,0.08,443.0220781,0.61592735
water,ethylene-glycol,0.1,438.1899653,0.682646826
water,ethylene-glycol,0.12,433.8811819,0.734155243
water,ethylene-glycol,0.14,430.0075134,0.774684218
water,ethylene-glycol,0.16,426.4993588,0.807111768
water,ethylene-glycol,0.18,423.3012511,0.833442374
water,ethylene-glycol,0.2,420.3685378,0.855102694
water,ethylene-glycol,0.22,417.6649156,0.873128323
water,ethylene-glycol,0.24,415.1605886,0.888284546
water,ethylene-glycol,0.26,412.8308808,0.901146169
water,ethylene-glycol,0.28,410.6551839,0.912151353
water,ethylene-glycol,0.3,408.6161497,0.921638638
water,ethylene-glycol,0.32,406.6990672,0.929872835
water,ethylene-glycol,0.34,404.8913751,0.937063432
water,ethylene-glycol,0.36,403.1822793,0.943377879
water,ethylene-glycol,0.38,401.5624489,0.948951307
water,ethylene-glycol,0.4,400.0237729,0.95389373
water,ethylene-glycol,0.42,398.5591644,0.958295443
water,ethylene-glycol,0.44,397.1624012,0.962231122
water,ethylene-glycol,0.46,395.8279957,0.965762958
water,ethylene-glycol,0.48,394.551088,0.968943081
water,ethylene-glycol,0.5,393.3273569,0.971815462
water,ethylene-glycol,0.52,392.1529462,0.974417392
water,ethylene-glycol,0.54,391.0244028,0.976780675
water,ethylene-glycol,0.56,389.9386244,0.978932567
water,ethylene-glycol,0.58,388.8928156,0.980896536
water,ethylene-glycol,0.6,387.8844505,0.982692879
water,ethylene-glycol,0.62,386.9112402,0.984339228
water,ethylene-glycol,0.64,385.9711058,0.985850952
water,ethylene-glycol,0.66,385.0621546,0.987241507
water,ethylene-glycol,0.68,384.1826593,0.988522709
water,ethylene-glycol,0.7,383.3310409,0.989704971
water,ethylene-glycol,0.72,382.5058527,0.990797501
water,ethylene-glycol,0.74,381.7057671,0.991808461
water,ethylene-glycol,0.76,380.9295633,0.992745114
water,ethylene-glycol,0.78,380.1761176,0.993613933
water,ethylene-glycol,0.8,379.4443936,0.994420709
water,ethylene-glycol,0.82,378.7334344,0.99517063
water,ethylene-glycol,0.84,378.0423551,0.99586836
water,ethylene-glycol,0.86,377.370337,0.996518098
water,ethylene-glycol,0.88,376.716621,0.997123635
water,ethylene-glycol,0.9,376.0805035,0.997688398
water,ethylene-glycol,0.92,375.4613309,0.998215495
water,ethylene-glycol,0.94,374.8584961,0.998707748
water,ethylene-glycol,0.96,374.2714349,0.999167724
water,ethylene-glycol,0.98,373.699622,0.999597762
water,ethylene-glycol,1,373.1425686,1
water,12-propanediol,0,460.7313929,0
water,12-propanediol,0.02,452.4698562,0.239384998
water,12-propanediol,0.04,445.6139578,0.401553424
water,12-propanediol,0.06,439.8320226,0.516063845
water,12-propanediol,0.08,434.881203,0.599877242
water,12-propanediol,0.1,430.5829455,0.663141736
water,12-propanediol,0.12,426.804596,0.712172604
water,12-propanediol,0.14,423.4462985,0.751043379
water,12-propanediol,0.16,420.4318314,0.782467645
water,12-propanediol,0.18,417.7022077,0.808305804
water,12-propanediol,0.2,415.2111762,0.829866446
water,12-propanediol,0.22,412.9220264,0.848091306
water,12-propanediol,0.24,410.8052899,0.86367211
water,12-propanediol,0.26,408.8370655,0.877126349
water,12-propanediol,0.28,406.997783,0.888847624
water,12-propanediol,0.3,405.2712783,0.899139808
water,12-propanediol,0.32,403.6440943,0.908240716
water,12-propanediol,0.34,402.1049453,0.91633878
water,12-propanediol,0.36,400.6443028,0.923585012
water,12-propanediol,0.38,399.2540716,0.930101708
water,12-propanediol,0.4,397.9273346,0.935988862
water,12-propanediol,0.42,396.6581495,0.941328973
water,12-propanediol,0.44,395.441386,0.946190674
water,12-propanediol,0.46,394.2725937,0.950631504
water,12-propanediol,0.48,393.1478949,0.954700054
water,12-propanediol,0.5,392.0638969,0.95843764
water,12-propanediol,0.52,391.0176192,0.961879617
water,12-propanediol,0.54,390.0064332,0.965056421
water,12-propanediol,0.56,389.0280125,0.967994402
water,12-propanediol,0.58,388.0802905,0.970716499
water,12-propanediol,0.6,387.1614253,0.973242777
water,12-propanediol,0.62,386.2697693,0.975590876
water,12-propanediol,0.64,385.4038441,0.977776375
water,12-propanediol,0.66,384.5623189,0.979813086
water,12-propanediol,0.68,383.7439915,0.98171331
water,12-propanediol,0.7,382.947773,0.983488043
water,12-propanediol,0.72,382.1726735,0.985147148
water,12-propanediol,0.74,381.4177907,0.986699504
water,12-propanediol,0.76,380.6822993,0.988153128
water,12-propanediol,0.78,379.9654421,0.989515282
water,12-propanediol,0.8,379.2665228,0.990792564
water,12-propanediol,0.82,378.5848985,0.991990983
water,12-propanediol,0.84,377.919974,0.993116024
water,12-propanediol,0.86,377.2711971,0.99417271
water,12-propanediol,0.88,376.6380533,0.995165648
water,12-propanediol,0.9,376.0200625,0.996099071
water,12-propanediol,0.92,375.4167748,0.99697688
water,12-propanediol,0.94,374.8277682,0.997802673
water,12-propanediol,0.96,374.252645,0.998579776
water,12-propanediol,0.98,373.6910302,0.999311267
water,12-propanediol,1,373.1425686,1
water,14-butanediol,0,501.2189099,0
water,14-butanediol,0.02,435.8633171,0.902024327
water,14-butanediol,0.04,413.7009007,0.965041963
water,14-butanediol,0.06,402.6572572,0.98036168
water,14-butanediol,0.08,396.0141249,0.98645646
water,14-butanediol,0.1,391.6004232,0.989547435
water,14-butanediol,0.12,388.4814488,0.991356359
water,14-butanediol,0.14,386.1813976,0.9925195
water,14-butanediol,0.16,384.4303787,0.993318935
water,14-butanediol,0.18,383.0633413,0.993896459
water,14-butanediol,0.2,381.9736393,0.994330211
water,14-butanediol,0.22,381.0894266,0.994666381
water,14-butanediol,0.24,380.3606991,0.994933814
water,14-butanediol,0.26,379.7517408,0.995151335
water,14-butanediol,0.28,379.2365003,0.995331679
water,14-butanediol,0.3,378.7956472,0.995483717
water,14-butanediol,0.32,378.4146325,0.995613786
water,14-butanediol,0.34,378.0823756,0.995726503
water,14-butanediol,0.36,377.7903517,0.99582529
water,14-butanediol,0.38,377.5319451,0.995912724
water,14-butanediol,0.4,377.3019812,0.995990765
water,14-butanediol,0.42,377.096382,0.996060924
water,14-butanediol,0.44,376.9119092,0.996124376
water,14-butanediol,0.46,376.745968,0.996182043
water,14-butanediol,0.48,376.5964572,0.996234656
water,14-butanediol,0.5,376.4616501,0.996282803
water,14-butanediol,0.52,376.3401012,0.996326965
water,14-butanediol,0.54,376.2305693,0.996367543
water,14-butanediol,0.56,376.1319541,0.996404886
water,14-butanediol,0.58,376.0432421,0.99643931
water,14-butanediol,0.6,375.9634591,0.996471122
water,14-butanediol,0.62,375.8916278,0.996500634
water,14-butanediol,0.64,375.8267267,0.996528194
water,14-butanediol,0.66,375.7676521,0.996554206
water,14-butanediol,0.68,375.7131782,0.996579166
water,14-butanediol,0.7,375.6619165,0.996603699
water,14-butanediol,0.72,375.6122728,0.996628619
water,14-butanediol,0.74,375.5623996,0.996654995
water,14-butanediol,0.76,375.5101437,0.996684252
water,14-butanediol,0.78,375.4529862,0.996718312
water,14-butanediol,0.8,375.3879751,0.996759783
water,14-butanediol,0.82,375.3116467,0.996812236
water,14-butanediol,0.84,375.2199342,0.996880612
water,14-butanediol,0.86,375.1080616,0.996971805
water,14-butanediol,0.88,374.9704187,0.997095552
water,14-butanediol,0.9,374.8004162,0.997265774
water,14-butanediol,0.92,374.5903155,0.997502672
water,14-butanediol,0.94,374.3310348,0.997836054
water,14-butanediol,0.96,374.0119322,0.99831076
water,14-butanediol,0.98,373.6205804,0.998995767
water,14-butanediol,1,373.1425686,1
water,23-butanediol,0,453.6308881,0
water,23-butanediol,0.02,446.4166063,0.23301233
water,23-butanediol,0.04,440.0779562,0.398519756
water,23-butanediol,0.06,434.4944498,0.518667482
water,23-butanediol,0.08,429.5524629,0.607836541
water,23-butanediol,0.1,425.1527247,0.675426132
water,23-butanediol,0.12,421.211768,0.72766659
water,23-butanediol,0.14,417.6606975,0.768762563
water,23-butanediol,0.16,414.4430625,0.801607367
water,23-butanediol,0.18,411.5126585,0.82823129
water,23-butanediol,0.2,408.8315689,0.850086227
water,23-butanediol,0.22,406.3685351,0.868229189
water,23-butanediol,0.24,404.0976397,0.883442661
water,23-butanediol,0.26,401.9972593,0.896314932
water,23-butanediol,0.28,400.0492365,0.907294657
water,23-butanediol,0.3,398.2382259,0.916728532
water,23-butanediol,0.32,396.5511753,0.924887735
water,23-butanediol,0.34,394.9769138,0.931986761
water,23-butanediol,0.36,393.5058211,0.938197036
water,23-butanediol,0.38,392.1295619,0.943656879
water,23-butanediol,0.4,390.8408697,0.948478897
water,23-butanediol,0.42,389.6333703,0.952755523
water,23-butanediol,0.44,388.501436,0.956563227
water,23-butanediol,0.46,387.4400642,0.959965735
water,23-butanediol,0.48,386.4447759,0.963016525
water,23-butanediol,0.5,385.5115287,0.965760778
water,23-butanediol,0.52,384.6366425,0.968236913
water,23-butanediol,0.54,383.8167353,0.970477815
water,23-butanediol,0.56,383.0486656,0.972511814
water,23-butanediol,0.58,382.3294821,0.974363485
water,23-butanediol,0.6,381.6563772,0.976054304
water,23-butanediol,0.62,381.0266441,0.977603191
water,23-butanediol,0.64,380.4376374,0.979026971
water,23-butanediol,0.66,379.886734,0.980340768
water,23-butanediol,0.68,379.3712967,0.981558357
water,23-butanediol,0.7,378.8886372,0.98269248
water,23-butanediol,0.72,378.4359797,0.983755153
water,23-butanediol,0.74,378.0104234,0.984757961
water,23-butanediol,0.76,377.6089046,0.985712377
water,23-butanediol,0.78,377.228157,0.986630108
water,23-butanediol,0.8,376.8646708,0.987523499
water,23-butanediol,0.82,376.5146492,0.988406022
water,23-butanediol,0.84,376.1739637,0.989292902
water,23-butanediol,0.86,375.8381066,0.990201925
water,23-butanediol,0.88,375.5021423,0.991154531
water,23-butanediol,0.9,375.1606588,0.992177316
water,23-butanediol,0.92,374.8077204,0.993304143
water,23-butanediol,0.94,374.4368264,0.994579179
water,23-butanediol,0.96,374.0408838,0.996061341
water,23-butanediol,0.98,373.6122069,0.997830961
water,23-butanediol,1,373.1425686,1
water,dimethyl-sulfoxide,0,463.8846822,0
water,dimethyl-sulfoxide,0.02,459.7890348,0.119591747
water,dimethyl-sulfoxide,0.04,455.9506264,0.221920319
water,dimethyl-sulfoxide,0.06,452.3380202,0.310108021
water,dimethyl-sulfoxide,0.08,448.9250863,0.386591898
water,dimethyl-sulfoxide,0.1,445.6898768,0.453298947
water,dimethyl-sulfoxide,0.12,442.6137872,0.511770582
water,dimethyl-sulfoxide,0.14,439.6809204,0.563252662
water,dimethyl-sulfoxide,0.16,436.8775965,0.608761682
water,dimethyl-sulfoxide,0.18,434.1919701,0.649134143
water,dimethyl-sulfoxide,0.2,431.613727,0.685063849
water,dimethyl-sulfoxide,0.22,429.1338431,0.717130431
water,dimethyl-sulfoxide,0.24,426.7443883,0.745821386
water,dimethyl-sulfoxide,0.26,424.4383683,0.771549278
water,dimethyl-sulfoxide,0.28,422.2095942,0.79466529
water,dimethyl-sulfoxide,0.3,420.0525749,0.815469981
water,dimethyl-sulfoxide,0.32,417.9624279,0.834221902
water,dimethyl-sulfoxide,0.34,415.9348054,0.851144538
water,dimethyl-sulfoxide,0.36,413.9658309,0.866431949
water,dimethyl-sulfoxide,0.38,412.0520478,0.880253374
water,dimethyl-sulfoxide,0.4,410.1903745,0.892757014
water,dimethyl-sulfoxide,0.42,408.3780671,0.904073163
water,dimethyl-sulfoxide,0.44,406.6126882,0.914316804
water,dimethyl-sulfoxide,0.46,404.8920796,0.923589782
water,dimethyl-sulfoxide,0.48,403.2143403,0.931982619
water,dimethyl-sulfoxide,0.5,401.5778076,0.939576052
water,dimethyl-sulfoxide,0.52,399.9810408,0.946442327
water,dimethyl-sulfoxide,0.54,398.4228089,0.9526463
water,dimethyl-sulfoxide,0.56,396.9020793,0.95824638
water,dimethyl-sulfoxide,0.58,395.4180098,0.963295327
water,dimethyl-sulfoxide,0.6,393.969942,0.967840943
water,dimethyl-sulfoxide,0.62,392.5573964,0.971926663
water,dimethyl-sulfoxide,0.64,391.1800689,0.975592066
water,dimethyl-sulfoxide,0.66,389.8378296,0.978873315
water,dimethyl-sulfoxide,0.68,388.5307218,0.98180354
water,dimethyl-sulfoxide,0.7,387.2589628,0.984413167
water,dimethyl-sulfoxide,0.72,386.0229458,0.986730203
water,dimethyl-sulfoxide,0.74,384.8232428,0.988780489
water,dimethyl-sulfoxide,0.76,383.6606074,0.990587907
water,dimethyl-sulfoxide,0.78,382.53598,0.992174575
water,dimethyl-sulfoxide,0.8,381.4504918,0.993561001
water,dimethyl-sulfoxide,0.82,380.4054701,0.994766223
water,dimethyl-sulfoxide,0.84,379.4024432,0.99580793
water,dimethyl-sulfoxide,0.86,378.4431455,0.996702561
water,dimethyl-sulfoxide,0.88,377.5295209,0.997465393
water,dimethyl-sulfoxide,0.9,376.6637268,0.998110614
water,dimethyl-sulfoxide,0.92,375.8481343,0.998651385
water,dimethyl-sulfoxide,0.94,375.0853283,0.999099894
water,dimethyl-sulfoxide,0.96,374.378103,0.999467397
water,dimethyl-sulfoxide,0.98,373.7294546,0.999764263
water,dimethyl-sulfoxide,1,373.1425686,1
water,dimethylamine,0,280.217532,0
water,dimethylamine,0.02,280.6989303,0.000159419
water,dimethylamine,0.04,281.198838,0.000335116
water,dimethylamine,0.06,281.7178451,0.000528807
water,dimethylamine,0.08,282.256557,0.000742393
water,dimethylamine,0.1,282.8155949,0.000977986
water,dimethylamine,0.12,283.3955957,0.001237936
water,dimethylamine,0.14,283.9972125,0.001524851
water,dimethylamine,0.16,284.621115,0.001841634
water,dimethylamine,0.18,285.26799,0.002191515
water,dimethylamine,0.2,285.9385419,0.002578089
water,dimethylamine,0.22,286.6334938,0.003005362
water,dimethylamine,0.24,287.3535888,0.003477797
water,dimethylamine,0.26,288.0995912,0.004000371
water,dimethylamine,0.28,288.872289,0.00457864
water,dimethylamine,0.3,289.6724963,0.005218809
water,dimethylamine,0.32,290.501057,0.005927814
water,dimethylamine,0.34,291.3588489,0.006713419
water,dimethylamine,0.36,292.2467899,0.007584323
water,dimethylamine,0.38,293.1658449,0.008550289
water,dimethylamine,0.4,294.1170352,0.00962229
water,dimethylamine,0.42,295.10145,0.010812688
water,dimethylamine,0.44,296.1202612,0.012135442
water,dimethylamine,0.46,297.1747417,0.013606355
water,dimethylamine,0.48,298.2662888,0.015243381
water,dimethylamine,0.5,299.3964529,0.017066994
water,dimethylamine,0.52,300.5669744,0.019100654
water,dimethylamine,0.54,301.7798293,0.021371373
water,dimethylamine,0.56,303.0372871,0.023910453
water,dimethylamine,0.58,304.3419838,0.026754419
water,dimethylamine,0.6,305.697014,0.029946229
water,dimethylamine,0.62,307.1060485,0.033536871
water,dimethylamine,0.64,308.573484,0.03758748
water,dimethylamine,0.66,310.1046365,0.042172202
water,dimethylamine,0.68,311.7059902,0.047382103
water,dimethylamine,0.7,313.3855242,0.053330597
water,dimethylamine,0.72,315.1531411,0.060161109
water,dimethylamine,0.74,317.0212383,0.068058073
water,dimethylamine,0.76,319.0054758,0.077263013
water,dimethylamine,0.78,321.125822,0.088098582
water,dimethylamine,0.8,323.407995,0.101005299
water,dimethylamine,0.82,325.8854764,0.116599175
water,dimethylamine,0.84,328.602361,0.135764707
water,dimethylamine,0.86,331.6174367,0.159809716
water,dimethylamine,0.88,335.0100731,0.190732191
water,dimethylamine,0.9,338.8887244,0.23169749
water,dimethylamine,0.92,343.4030102,0.287925152
water,dimethylamine,0.94,348.7599836,0.368399128
water,dimethylamine,0.96,355.2429499,0.489265251
water,dimethylamine,0.98,363.223726,0.680652988
water,dimethylamine,1,373.1425686,1
water,diethyl-amine,0,328.8745387,0
water,diethyl-amine,0.02,329.2392673,0.007644745
water,diethyl-amine,0.04,329.6053468,0.01534972
water,diethyl-amine,0.06,329.9726455,0.023105858
water,diethyl-amine,0.08,330.3410269,0.030903797
water,diethyl-amine,0.1,330.7103479,0.038733905
water,diethyl-amine,0.12,331.0804595,0.046586317
water,diethyl-amine,0.14,331.4512051,0.05445096
water,diethyl-amine,0.16,331.8224205,0.062317593
water,diethyl-amine,0.18,332.1939333,0.070175842
water,diethyl-amine,0.2,332.5655622,0.07801524
water,diethyl-amine,0.22,332.9371166,0.085825273
water,diethyl-amine,0.24,333.3083968,0.093595424
water,diethyl-amine,0.26,333.6791931,0.101315228
water,diethyl-amine,0.28,334.0492867,0.108974324
water,diethyl-amine,0.3,334.4184498,0.11656252
water,diethyl-amine,0.32,334.7864466,0.124069861
water,diethyl-amine,0.34,335.1530348,0.131486708
water,diethyl-amine,0.36,335.5179678,0.138803829
water,diethyl-amine,0.38,335.8809981,0.146012496
water,diethyl-amine,0.4,336.2418809,0.153104611
water,diethyl-amine,0.42,336.6003808,0.160072839
water,diethyl-amine,0.44,336.9562787,0.166910783
water,diethyl-amine,0.46,337.3093827,0.173613179
water,diethyl-amine,0.48,337.659541,0.180176142
water,diethyl-amine,0.5,338.0066598,0.186597462
water,diethyl-amine,0.52,338.3507254,0.19287698
water,diethyl-amine,0.54,338.6918342,0.199017044
water,diethyl-amine,0.56,339.0302309,0.2050231
water,diethyl-amine,0.58,339.3663588,0.210904431
water,diethyl-amine,0.6,339.7009248,0.216675126
water,diethyl-amine,0.62,340.0349861,0.222355329
water,diethyl-amine,0.64,340.3700633,0.227972894
water,diethyl-amine,0.66,340.708292,0.233565601
water,diethyl-amine,0.68,341.0526248,0.239184146
water,diethyl-amine,0.7,341.4071054,0.244896276
water,diethyl-amine,0.72,341.7772428,0.250792556
water,diethyl-amine,0.74,342.1705278,0.25699462
water,diethyl-amine,0.76,342.5971574,0.263667181
water,diethyl-amine,0.78,343.0710647,0.271035956
water,diethyl-amine,0.8,343.6114075,0.279415149
water,diethyl-amine,0.82,344.2447626,0.289250852
water,diethyl-amine,0.84,345.0084283,0.301192025
water,diethyl-amine,0.86,345.9555106,0.316211191
water,diethyl-amine,0.88,347.1629599,0.335819177
water,diethyl-amine,0.9,348.7446054,0.362467536
water,diethyl-amine,0.92,350.8728364,0.40034911
water,diethyl-amine,0.94,353.8153113,0.457102169
water,diethyl-amine,0.96,357.9967376,0.547715972
water,diethyl-amine,0.98,364.0948438,0.704144325
water,diethyl-amine,1,373.1425686,1
water,furfuryl-alcohol,0,443.2526774,0
water,furfuryl-alcohol,0.02,429.615046,0.369228277
water,furfuryl-alcohol,0.04,419.7768126,0.559117347
water,furfuryl-alcohol,0.06,412.3710277,0.66893799
water,furfuryl-alcohol,0.08,406.5934205,0.738344897
water,furfuryl-alcohol,0.1,401.9570446,0.785239433
water,furfuryl-alcohol,0.12,398.15367,0.818582934
water,furfuryl-alcohol,0.14,394.979411,0.84325391
water,furfuryl-alcohol,0.16,392.2939946,0.862094628
water,furfuryl-alcohol,0.18,389.9975716,0.876855271
water,furfuryl-alcohol,0.2,388.0169551,0.888663968
water,furfuryl-alcohol,0.22,386.2971286,0.898276225
water,furfuryl-alcohol,0.24,384.7958177,0.906214645
water,furfuryl-alcohol,0.26,383.4799077,0.912850872
water,furfuryl-alcohol,0.28,382.3230138,0.918455591
water,furfuryl-alcohol,0.3,381.3037893,0.923230107
water,furfuryl-alcohol,0.32,380.4047235,0.927326896
water,furfuryl-alcohol,0.34,379.6112677,0.930863337
water,furfuryl-alcohol,0.36,378.9111901,0.933931114
water,furfuryl-alcohol,0.38,378.2940913,0.936602786
water,furfuryl-alcohol,0.4,377.7510333,0.938936464
water,furfuryl-alcohol,0.42,377.2742542,0.94097922
water,furfuryl-alcohol,0.44,376.856943,0.942769585
water,furfuryl-alcohol,0.46,376.4930619,0.944339433
water,furfuryl-alcohol,0.48,376.177203,0.945715423
water,furfuryl-alcohol,0.5,375.9044719,0.946920104
water,furfuryl-alcohol,0.52,375.6703926,0.947972811
water,furfuryl-alcohol,0.54,375.4708283,0.948890377
water,furfuryl-alcohol,0.56,375.301915,0.949687737
water,furfuryl-alcohol,0.58,375.160006,0.950378458
water,furfuryl-alcohol,0.6,375.0416239,0.950975215
water,furfuryl-alcohol,0.62,374.9434212,0.951490254
water,furfuryl-alcohol,0.64,374.8621451,0.951935867
water,furfuryl-alcohol,0.66,374.7946097,0.952324901
water,furfuryl-alcohol,0.68,374.737672,0.952671352
water,furfuryl-alcohol,0.7,374.6882141,0.952991056
water,furfuryl-alcohol,0.72,374.6431316,0.953302568
water,furfuryl-alcohol,0.74,374.5993285,0.953628271
water,furfuryl-alcohol,0.76,374.5537227,0.953995828
water,furfuryl-alcohol,0.78,374.5032621,0.954440117
water,furfuryl-alcohol,0.8,374.4449596,0.955005856
water,furfuryl-alcohol,0.82,374.3759507,0.955751209
water,furfuryl-alcohol,0.84,374.2935876,0.956752823
water,furfuryl-alcohol,0.86,374.1955831,0.958112986
water,furfuryl-alcohol,0.88,374.0802336,0.959969952
water,furfuryl-alcohol,0.9,373.9467576,0.962513132
water,furfuryl-alcohol,0.92,373.7958187,0.966005928
water,furfuryl-alcohol,0.94,373.6303358,0.970820844
water,furfuryl-alcohol,0.96,373.4567645,0.977495028
water,furfuryl-alcohol,0.98,373.2871576,0.98682094
water,furfuryl-alcohol,1,373.1425686,1
water,pyridine,0,388.3174635,0
water,pyridine,0.02,386.397393,0.073456634
water,pyridine,0.04,384.6642388,0.137549855
water,pyridine,0.06,383.0898361,0.194038775
water,pyridine,0.08,381.6523789,0.244245295
water,pyridine,0.1,380.3346399,0.289185374
water,pyridine,0.12,379.1227731,0.329654891
water,pyridine,0.14,378.0054857,0.366287611
water,pyridine,0.16,376.9734483,0.399595435
water,pyridine,0.18,376.0188659,0.42999699
water,pyridine,0.2,375.1351594,0.457838381
water,pyridine,0.22,374.3167247,0.483408521
water,pyridine,0.24,373.5587476,0.506950646
water,pyridine,0.26,372.8570593,0.52867108
water,pyridine,0.28,372.2080218,0.548746007
water,pyridine,0.3,371.6084362,0.567326752
water,pyridine,0.32,371.0554681,0.584543951
water,pyridine,0.34,370.5465854,0.600510863
water,pyridine,0.36,370.0795072,0.615326044
water,pyridine,0.38,369.6521597,0.629075494
water,pyridine,0.4,369.2626379,0.641834423
water,pyridine,0.42,368.9091726,0.653668685
water,pyridine,0.44,368.5901005,0.664635973
water,pyridine,0.46,368.3038363,0.674786809
water,pyridine,0.48,368.0488481,0.684165372
water,pyridine,0.5,367.8236321,0.692810206
water,pyridine,0.52,367.62669,0.700754831
water,pyridine,0.54,367.4565059,0.708028281
water,pyridine,0.56,367.3115234,0.714655609
water,pyridine,0.58,367.1901237,0.720658376
water,pyridine,0.6,367.0906038,0.726055171
water,pyridine,0.62,367.0111558,0.730862201
water,pyridine,0.64,366.9498495,0.735094018
water,pyridine,0.66,366.9046186,0.738764477
water,pyridine,0.68,366.8732556,0.741888045
water,pyridine,0.7,366.8534207,0.744481663
water,pyridine,0.72,366.8426736,0.746567441
water,pyridine,0.74,366.8385429,0.748176637
water,pyridine,0.76,366.8386567,0.749355605
water,pyridine,0.78,366.8409728,0.750174799
water,pyridine,0.8,366.8441695,0.750742628
water,pyridine,0.82,366.848302,0.751227126
water,pyridine,0.84,366.8558992,0.751890624
water,pyridine,0.86,366.8738127,0.753146805
water,pyridine,0.88,366.9163872,0.755658115
water,pyridine,0.9,367.0110563,0.760510451
water,pyridine,0.92,367.2086676,0.769547471
water,pyridine,0.94,367.6038199,0.78606918
water,pyridine,0.96,368.3789764,0.816478445
water,pyridine,0.98,369.9151378,0.874889925
water,pyridine,1,373.1425686,1
water,piperidine,0,379.4755815,0
water,piperidine,0.02,378.9138286,0.036098702
water,piperidine,0.04,378.3753742,0.07062717
water,piperidine,0.06,377.8592746,0.103682471
water,piperidine,0.08,377.3646877,0.135352408
water,piperidine,0.1,376.8908591,0.165716749
water,piperidine,0.12,376.4371115,0.19484827
water,piperidine,0.14,376.0028342,0.222813638
water,piperidine,0.16,375.5874744,0.249674173
water,piperidine,0.18,375.1905303,0.275486498
water,piperidine,0.2,374.811544,0.300303108
water,piperidine,0.22,374.4500958,0.324172864
water,piperidine,0.24,374.1057993,0.347141427
water,piperidine,0.26,373.7782962,0.369251647
water,piperidine,0.28,373.4672529,0.3905439
water,piperidine,0.3,373.1723562,0.411056407
water,piperidine,0.32,372.8933102,0.430825513
water,piperidine,0.34,372.6298335,0.449885947
water,piperidine,0.36,372.3816565,0.468271074
water,piperidine,0.38,372.1485189,0.486013121
water,piperidine,0.4,371.9301682,0.503143413
water,piperidine,0.42,371.7263579,0.51969259
water,piperidine,0.44,371.5368467,0.535690841
water,piperidine,0.46,371.3613976,0.551168138
water,piperidine,0.48,371.1997782,0.566154487
water,piperidine,0.5,371.0517613,0.580680196
water,piperidine,0.52,370.9171263,0.594776178
water,piperidine,0.54,370.7956622,0.608474287
water,piperidine,0.56,370.6871712,0.621807703
water,piperidine,0.58,370.5914746,0.634811388
water,piperidine,0.6,370.5084201,0.647522612
water,piperidine,0.62,370.4378921,0.659981596
water,piperidine,0.64,370.3798254,0.672232285
water,piperidine,0.66,370.3342227,0.68432329
water,piperidine,0.68,370.3011775,0.696309061
water,piperidine,0.7,370.2809043,0.70825135
water,piperidine,0.72,370.2737774,0.720221047
water,piperidine,0.74,370.2803809,0.732300533
water,piperidine,0.76,370.3015749,0.744586688
water,piperidine,0.78,370.3385805,0.757194814
water,piperidine,0.8,370.3930923,0.770263774
water,piperidine,0.82,370.4674261,0.783962821
water,piperidine,0.84,370.5647147,0.798500788
water,piperidine,0.86,370.6891692,0.814138596
water,piperidine,0.88,370.8464308,0.831206546
water,piperidine,0.9,371.0440473,0.850128599
water,piperidine,0.92,371.2921256,0.871457029
water,piperidine,0.94,371.6042336,0.895922828
water,piperidine,0.96,371.9986579,0.924510481
water,piperidine,0.98,372.5001754,0.958571391
water,piperidine,1,373.1425686,1
methanol,water,1,337.6680579,0
methanol,water,0.98,337.9727767,0.008046708
methanol,water,0.96,338.2795468,0.016093442
methanol,water,0.94,338.5884468,0.024142119
methanol,water,0.92,338.8995639,0.032194907
methanol,water,0.9,339.2129948,0.040254255
methanol,water,0.88,339.5288473,0.048322919
methanol,water,0.86,339.8472411,0.056403996
methanol,water,0.84,340.1683094,0.064500965
methanol,water,0.82,340.492201,0.072617722
methanol,water,0.8,340.8190815,0.080758636
methanol,water,0.78,341.149136,0.088928594
methanol,water,0.76,341.4825712,0.097133069
methanol,water,0.74,341.8196181,0.105378189
methanol,water,0.72,342.1605355,0.113670812
methanol,water,0.7,342.5056129,0.122018623
methanol,water,0.68,342.8551752,0.130430238
methanol,water,0.66,343.2095868,0.138915323
methanol,water,0.64,343.5692575,0.147484738
methanol,water,0.62,343.9346478,0.156150699
methanol,water,0.6,344.3062767,0.16492697
methanol,water,0.58,344.6847295,0.173829085
methanol,water,0.56,345.0706671,0.182874614
methanol,water,0.54,345.4648373,0.192083475
methanol,water,0.52,345.8680875,0.201478302
methanol,water,0.5,346.2813799,0.211084889
methanol,water,0.48,346.7058091,0.220932725
methanol,water,0.46,347.1426233,0.231055633
methanol,water,0.44,347.5932493,0.241492556
methanol,water,0.42,348.0593229,0.252288514
methanol,water,0.4,348.5427244,0.263495787
methanol,water,0.38,349.0456232,0.275175388
methanol,water,0.36,349.5705308,0.287398907
methanol,water,0.34,350.1203672,0.300250845
methanol,water,0.32,350.6985423,0.313831605
methanol,water,0.3,351.3090592,0.328261345
methanol,water,0.28,351.9566431,0.34368503
methanol,water,0.26,352.6469084,0.360279113
methanol,water,0.24,353.3865735,0.378260517
methanol,water,0.22,354.1837443,0.397898893
methanol,water,0.2,355.0482916,0.419533649
methanol,water,0.18,355.9923644,0.443598066
methanol,water,0.16,357.0310988,0.470654234
methanol,water,0.14,358.1836228,0.501444923
methanol,water,0.12,359.4745136,0.536972884
methanol,water,0.1,360.9359752,0.578626201
methanol,water,0.08,362.6112079,0.628384405
methanol,water,0.06,364.5598407,0.689173714
methanol,water,0.04,366.8671399,0.765515378
methanol,water,0.02,369.6606257,0.864796469
methanol,water,0,373.1425686,1
ethanol,water,1,351.4393189,0
ethanol,water,0.98,351.382978,0.021966874
ethanol,water,0.96,351.3394105,0.042951536
ethanol,water,0.94,351.3081289,0.063006285
ethanol,water,0.92,351.2886587,0.082179821
ethanol,water,0.9,351.2805377,0.100517539
ethanol,water,0.88,351.2833147,0.118061811
ethanol,water,0.86,351.2965488,0.134852238
ethanol,water,0.84,351.3198082,0.150925887
ethanol,water,0.82,351.3526699,0.166317511
ethanol,water,0.8,351.3947186,0.18105976
ethanol,water,0.78,351.445547,0.195183375
ethanol,water,0.76,351.5047551,0.208717376
ethanol,water,0.74,351.5719502,0.221689244
ethanol,water,0.72,351.6467477,0.234125095
ethanol,water,0.7,351.7287715,0.246049858
ethanol,water,0.68,351.8176553,0.257487447
ethanol,water,0.66,351.913044,0.268460942
ethanol,water,0.64,352.0145963,0.278992773
ethanol,water,0.62,352.121988,0.28910492
ethanol,water,0.6,352.2349155,0.29881912
ethanol,water,0.58,352.3531015,0.308157102
ethanol,water,0.56,352.4763017,0.317140845
ethanol,water,0.54,352.6043132,0.325792875
ethanol,water,0.52,352.7369854,0.334136599
ethanol,water,0.5,352.8742338,0.342196704
ethanol,water,0.48,353.0160568,0.349999627
ethanol,water,0.46,353.1625577,0.357574119
ethanol,water,0.44,353.3139713,0.364951925
ethanol,water,0.42,353.4706989,0.372168629
ethanol,water,0.4,353.633351,0.379264698
ethanol,water,0.38,353.8028025,0.386286793
ethanol,water,0.36,353.9802632,0.39328944
ethanol,water,0.34,354.1673675,0.400337178
ethanol,water,0.32,354.3662916,0.407507372
ethanol,water,0.3,354.5799048,0.41489392
ethanol,water,0.28,354.8119705,0.422612251
ethanol,water,0.26,355.067413,0.430806158
ethanol,water,0.24,355.3526786,0.439657316
ethanol,water,0.22,355.6762323,0.449398848
ethanol,water,0.2,356.0492527,0.460335102
ethanol,water,0.18,356.4866277,0.472871301
ethanol,water,0.16,357.0084191,0.487559405
ethanol,water,0.14,357.6420839,0.505171676
ethanol,water,0.12,358.4259712,0.526823855
ethanol,water,0.1,359.4150816,0.554192311
ethanol,water,0.08,360.6910889,0.589921744
ethanol,water,0.06,362.381034,0.638453827
ethanol,water,0.04,364.6954963,0.707894754
ethanol,water,0.02,368.0167477,0.814863753
ethanol,water,0,373.1425686,1
isopropanol,water,1,355.1857458,0
isopropanol,water,0.98,354.9428468,0.029288144
isopropanol,water,0.96,354.7190767,0.057049079
isopropanol,water,0.94,354.5139756,0.083364436
isopropanol,water,0.92,354.3270692,0.108310879
isopropanol,water,0.9,354.1578711,0.131960273
isopropanol,water,0.88,354.0058837,0.154379861
isopropanol,water,0.86,353.8705995,0.175632454
isopropanol,water,0.84,353.7515011,0.195776623
isopropanol,water,0.82,353.6480615,0.214866891
isopropanol,water,0.8,353.5597433,0.232953932
isopropanol,water,0.78,353.4859983,0.250084754
isopropanol,water,0.76,353.4262657,0.266302886
isopropanol,water,0.74,353.3799708,0.281648558
isopropanol,water,0.72,353.3465227,0.296158872
isopropanol,water,0.7,353.3253123,0.309867972
isopropanol,water,0.68,353.3157093,0.322807201
isopropanol,water,0.66,353.3170595,0.33500526
isopropanol,water,0.64,353.3286814,0.346488366
isopropanol,water,0.62,353.3498626,0.357280401
isopropanol,water,0.6,353.3798566,0.367403074
isopropanol,water,0.58,353.4178788,0.376876079
isopropanol,water,0.56,353.4631034,0.385717278
isopropanol,water,0.54,353.5146601,0.393942889
isopropanol,water,0.52,353.5716316,0.401567711
isopropanol,water,0.5,353.6330527,0.408605382
isopropanol,water,0.48,353.6979102,0.415068695
isopropanol,water,0.46,353.7651464,0.420969984
isopropanol,water,0.44,353.8336658,0.426321612
isopropanol,water,0.42,353.9023474,0.431136586
isopropanol,water,0.4,353.9700653,0.435429356
isopropanol,water,0.38,354.0357196,0.439216854
isopropanol,water,0.36,354.0982835,0.44251986
isopropanol,water,0.34,354.1568724,0.445364799
isopropanol,water,0.32,354.2108437,0.447786163
isopropanol,water,0.3,354.2599415,0.449829753
isopropanol,water,0.28,354.304503,0.451557124
isopropanol,water,0.26,354.3457555,0.453051717
isopropanol,water,0.24,354.3862455,0.454427504
isopropanol,water,0.22,354.430461,0.455841418
isopropanol,water,0.2,354.4857506,0.457511726
isopropanol,water,0.18,354.5637031,0.459746122
isopropanol,water,0.16,354.6822777,0.462986465
isopropanol,water,0.14,354.8692122,0.467883713
isopropanol,water,0.12,355.1677441,0.475431311
isopropanol,water,0.1,355.646841,0.487221068
isopropanol,water,0.08,356.4210787,0.505982388
isopropanol,water,0.06,357.6938191,0.536868114
isopropanol,water,0.04,359.8669713,0.591103578
isopropanol,water,0.02,363.8971613,0.69960179
isopropanol,water,0,373.1425686,1
acetone,water,1,329.2764502,0
acetone,water,0.98,329.3007422,0.018485121
acetone,water,0.96,329.3563112,0.034631489
acetone,water,0.94,329.4357723,0.048810245
acetone,water,0.92,329.5333189,0.061310578
acetone,water,0.9,329.6442939,0.072363097
acetone,water,0.88,329.7649044,0.082155385
acetone,water,0.86,329.8920254,0.090842678
acetone,water,0.84,330.0230621,0.098555396
acetone,water,0.82,330.1558505,0.105404581
acetone,water,0.8,330.2885848,0.111485893
acetone,water,0.78,330.419763,0.116882616
acetone,water,0.76,330.548146,0.121667948
acetone,water,0.74,330.6727267,0.125906778
acetone,water,0.72,330.7927059,0.129657089
acetone,water,0.7,330.9074745,0.132971077
acetone,water,0.68,331.0166004,0.135896066
acetone,water,0.66,331.1198186,0.138475268
acetone,water,0.64,331.2170257,0.140748425
acetone,water,0.62,331.3082771,0.142752361
acetone,water,0.6,331.3937873,0.14452148
acetone,water,0.58,331.4739344,0.146088214
acetone,water,0.56,331.549267,0.147483443
acetone,water,0.54,331.6205163,0.148736912
acetone,water,0.52,331.6886123,0.149877646
acetone,water,0.5,331.7547052,0.15093438
acetone,water,0.48,331.8201946,0.151936034
acetone,water,0.46,331.886766,0.152912241
acetone,water,0.44,331.9564377,0.153893959
acetone,water,0.42,332.0316212,0.1549142
acetone,water,0.4,332.1151973,0.156008932
acetone,water,0.38,332.2106145,0.157218202
acetone,water,0.36,332.3220156,0.158587583
acetone,water,0.34,332.4544015,0.160170081
acetone,water,0.32,332.6138468,0.162028681
acetone,water,0.3,332.8077854,0.164239835
acetone,water,0.28,333.0453951,0.166898336
acetone,water,0.26,333.3381217,0.170124288
acetone,water,0.24,333.7004089,0.174073306
acetone,water,0.22,334.1507319,0.17895186
acetone,water,0.2,334.7130989,0.185041053
acetone,water,0.18,335.4192875,0.192734754
acetone,water,0.16,336.3122831,0.202603205
acetone,water,0.14,337.4517545,0.215504157
acetone,water,0.12,338.9231548,0.232788054
acetone,water,0.1,340.8536246,0.256703
acetone,water,0.08,343.441517,0.29126278
acetone,water,0.06,347.0153664,0.344311583
acetone,water,0.04,352.1623877,0.433142675
acetone,water,0.02,360.0366247,0.60274393
acetone,water,0,373.1425686,1
ethylene-glycol,water,1,470.3954759,0
ethylene-glycol,water,0.98,461.960618,0.24062425
ethylene-glycol,water,0.96,454.7403725,0.407790553
ethylene-glycol,water,0.94,448.4903759,0.527611502
ethylene-glycol,water,0.92,443.0220781,0.61592735
ethylene-glycol,water,0.9,438.1899653,0.682646826
ethylene-glycol,water,0.88,433.8811819,0.734155243
ethylene-glycol,water,0.86,430.0075134,0.774684218
ethylene-glycol,water,0.84,426.4993588,0.807111768
ethylene-glycol,water,0.82,423.3012511,0.833442374
ethylene-glycol,water,0.8,420.3685378,0.855102694
ethylene-glycol,water,0.78,417.6649156,0.873128323
ethylene-glycol,water,0.76,415.1605886,0.888284546
ethylene-glycol,water,0.74,412.8308808,0.901146169
ethylene-glycol,water,0.72,410.6551839,0.912151353
ethylene-glycol,water,0.7,408.6161497,0.921638638
ethylene-glycol,water,0.68,406.6990672,0.929872835
ethylene-glycol,water,0.66,404.8913751,0.937063432
ethylene-glycol,water,0.64,403.1822793,0.943377879
ethylene-glycol,water,0.62,401.5624489,0.948951307
ethylene-glycol,water,0.6,400.0237729,0.95389373
ethylene-glycol,water,0.58,398.5591644,0.958295443
ethylene-glycol,water,0.56,397.1624012,0.962231122
ethylene-glycol,water,0.54,395.8279957,0.965762958
ethylene-glycol,water,0.52,394.551088,0.968943081
ethylene-glycol,water,0.5,393.3273569,0.971815462
ethylene-glycol,water,0.48,392.1529462,0.974417392
ethylene-glycol,water,0.46,391.0244028,0.976780675
ethylene-glycol,water,0.44,389.9386244,0.978932567
ethylene-glycol,water,0.42,388.8928156,0.980896536
ethylene-glycol,water,0.4,387.8844505,0.982692879
ethylene-glycol,water,0.38,386.9112402,0.984339228
ethylene-glycol,water,0.36,385.9711058,0.985850952
ethylene-glycol,water,0.34,385.0621546,0.987241507
ethylene-glycol,water,0.32,384.1826593,0.988522709
ethylene-glycol,water,0.3,383.3310409,0.989704971
ethylene-glycol,water,0.28,382.5058527,0.990797501
ethylene-glycol,water,0.26,381.7057671,0.991808461
ethylene-glycol,water,0.24,380.9295633,0.992745114
ethylene-glycol,water,0.22,380.1761176,0.993613933
ethylene-glycol,water,0.2,379.4443936,0.994420709
ethylene-glycol,water,0.18,378.7334344,0.99517063
ethylene-glycol,water,0.16,378.0423551,0.99586836
ethylene-glycol,water,0.14,377.370337,0.996518098
ethylene-glycol,water,0.12,376.716621,0.997123635
ethylene-glycol,water,0.1,376.0805035,0.997688398
ethylene-glycol,water,0.08,375.4613309,0.998215495
ethylene-glycol,water,0.06,374.8584961,0.998707748
ethylene-glycol,water,0.04,374.2714349,0.999167724
ethylene-glycol,water,0.02,373.699622,0.999597762
ethylene-glycol,water,0,373.1425686,1
12-propanediol,water,1,460.7313929,0
12-propanediol,water,0.98,452.4698562,0.239384998
12-propanediol,water,0.96,445.6139578,0.401553424
12-propanediol,water,0.94,439.8320226,0.516063845
12-propanediol,water,0.92,434.881203,0.599877242
12-propanediol,water,0.9,430.5829455,0.663141736
12-propanediol,water,0.88,426.804596,0.712172604
12-propanediol,water,0.86,423.4462985,0.751043379
12-propanediol,water,0.84,420.4318314,0.782467645
12-propanediol,water,0.82,417.7022077,0.808305804
12-propanediol,water,0.8,415.2111762,0.829866446
12-propanediol,water,0.78,412.9220264,0.848091306
12-propanediol,water,0.76,410.8052899,0.86367211
12-propanediol,water,0.74,408.8370655,0.877126349
12-propanediol,water,0.72,406.997783,0.888847624
12-propanediol,water,0.7,405.2712783,0.899139808
12-propanediol,water,0.68,403.6440943,0.908240716
12-propanediol,water,0.66,402.1049453,0.91633878
12-propanediol,water,0.64,400.6443028,0.923585012
12-propanediol,water,0.62,399.2540716,0.930101708
12-propanediol,water,0.6,397.9273346,0.935988862
12-propanediol,water,0.58,396.6581495,0.941328973
12-propanediol,water,0.56,395.441386,0.946190674
12-propanediol,water,0.54,394.2725937,0.950631504
12-propanediol,water,0.52,393.1478949,0.954700054
12-propanediol,water,0.5,392.0638969,0.95843764
12-propanediol,water,0.48,391.0176192,0.961879617
12-propanediol,water,0.46,390.0064332,0.965056421
12-propanediol,water,0.44,389.0280125,0.967994402
12-propanediol,water,0.42,388.0802905,0.970716499
12-propanediol,water,0.4,387.1614253,0.973242777
12-propanediol,water,0.38,386.2697693,0.975590876
12-propanediol,water,0.36,385.4038441,0.977776375
12-propanediol,water,0.34,384.5623189,0.979813086
12-propanediol,water,0.32,383.7439915,0.98171331
12-propanediol,water,0.3,382.947773,0.983488043
12-propanediol,water,0.28,382.1726735,0.985147148
12-propanediol,water,0.26,381.4177907,0.986699504
12-propanediol,water,0.24,380.6822993,0.988153128
12-propanediol,water,0.22,379.9654421,0.989515282
12-propanediol,water,0.2,379.2665228,0.990792564
12-propanediol,water,0.18,378.5848985,0.991990983
12-propanediol,water,0.16,377.919974,0.993116024
12-propanediol,water,0.14,377.2711971,0.99417271
12-propanediol,water,0.12,376.6380533,0.995165648
12-propanediol,water,0.1,376.0200625,0.996099071
12-propanediol,water,0.08,375.4167748,0.99697688
12-propanediol,water,0.06,374.8277682,0.997802673
12-propanediol,water,0.04,374.252645,0.998579776
12-propanediol,water,0.02,373.6910302,0.999311267
12-propanediol,water,0,373.1425686,1
14-butanediol,water,1,501.2189099,0
14-butanediol,water,0.98,435.8633171,0.902024327
14-butanediol,water,0.96,413.7009007,0.965041963
14-butanediol,water,0.94,402.6572572,0.98036168
14-butanediol,water,0.92,396.0141249,0.98645646
14-butanediol,water,0.9,391.6004232,0.989547435
14-butanediol,water,0.88,388.4814488,0.991356359
14-butanediol,water,0.86,386.1813976,0.9925195
14-butanediol,water,0.84,384.4303787,0.993318935
14-butanediol,water,0.82,383.0633413,0.993896459
14-butanediol,water,0.8,381.9736393,0.994330211
14-butanediol,water,0.78,381.0894266,0.994666381
14-butanediol,water,0.76,380.3606991,0.994933814
14-butanediol,water,0.74,379.7517408,0.995151335
14-butanediol,water,0.72,379.2365003,0.995331679
14-butanediol,water,0.7,378.7956472,0.995483717
14-butanediol,water,0.68,378.4146325,0.995613786
14-butanediol,water,0.66,378.0823756,0.995726503
14-butanediol,water,0.64,377.7903517,0.99582529
14-butanediol,water,0.62,377.5319451,0.995912724
14-butanediol,water,0.6,377.3019812,0.995990765
14-butanediol,water,0.58,377.096382,0.996060924
14-butanediol,water,0.56,376.9119092,0.996124376
14-butanediol,water,0.54,376.745968,0.996182043
14-butanediol,water,0.52,376.5964572,0.996234656
14-butanediol,water,0.5,376.4616501,0.996282803
14-butanediol,water,0.48,376.3401012,0.996326965
14-butanediol,water,0.46,376.2305693,0.996367543
14-butanediol,water,0.44,376.1319541,0.996404886
14-butanediol,water,0.42,376.0432421,0.99643931
14-butanediol,water,0.4,375.9634591,0.996471122
14-butanediol,water,0.38,375.8916278,0.996500634
14-butanediol,water,0.36,375.8267267,0.996528194
14-butanediol,water,0.34,375.7676521,0.996554206
14-butanediol,water,0.32,375.7131782,0.996579166
14-butanediol,water,0.3,375.6619165,0.996603699
14-butanediol,water,0.28,375.6122728,0.996628619
14-butanediol,water,0.26,375.5623996,0.996654995
14-butanediol,water,0.24,375.5101437,0.996684252
14-butanediol,water,0.22,375.4529862,0.996718312
14-butanediol,water,0.2,375.3879751,0.996759783
14-butanediol,water,0.18,375.3116467,0.996812236
14-butanediol,water,0.16,375.2199342,0.996880612
14-butanediol,water,0.14,375.1080616,0.996971805
14-butanediol,water,0.12,374.9704187,0.997095552
14-butanediol,water,0.1,374.8004162,0.997265774
14-butanediol,water,0.08,374.5903155,0.997502672
14-butanediol,water,0.06,374.3310348,0.997836054
14-butanediol,water,0.04,374.0119322,0.99831076
14-butanediol,water,0.02,373.6205804,0.998995767
14-butanediol,water,0,373.1425686,1
23-butanediol,water,1,453.6308881,0
23-butanediol,water,0.98,446.4166063,0.23301233
23-butanediol,water,0.96,440.0779562,0.398519756
23-butanediol,water,0.94,434.4944498,0.518667482
23-butanediol,water,0.92,429.5524629,0.607836541
23-butanediol,water,0.9,425.1527247,0.675426132
23-butanediol,water,0.88,421.211768,0.72766659
23-butanediol,water,0.86,417.6606975,0.768762563
23-butanediol,water,0.84,414.4430625,0.801607367
23-butanediol,water,0.82,411.5126585,0.82823129
23-butanediol,water,0.8,408.8315689,0.850086227
23-butanediol,water,0.78,406.3685351,0.868229189
23-butanediol,water,0.76,404.0976397,0.883442661
23-butanediol,water,0.74,401.9972593,0.896314932
23-butanediol,water,0.72,400.0492365,0.907294657
23-butanediol,water,0.7,398.2382259,0.916728532
23-butanediol,water,0.68,396.5511753,0.924887735
23-butanediol,water,0.66,394.9769138,0.931986761
23-butanediol,water,0.64,393.5058211,0.938197036
23-butanediol,water,0.62,392.1295619,0.943656879
23-butanediol,water,0.6,390.8408697,0.948478897
23-butanediol,water,0.58,389.6333703,0.952755523
23-butanediol,water,0.56,388.501436,0.956563227
23-butanediol,water,0.54,387.4400642,0.959965735
23-butanediol,water,0.52,386.4447759,0.963016525
23-butanediol,water,0.5,385.5115287,0.965760778
23-butanediol,water,0.48,384.6366425,0.968236913
23-butanediol,water,0.46,383.8167353,0.970477815
23-butanediol,water,0.44,383.0486656,0.972511814
23-butanediol,water,0.42,382.3294821,0.974363485
23-butanediol,water,0.4,381.6563772,0.976054304
23-butanediol,water,0.38,381.0266441,0.977603191
23-butanediol,water,0.36,380.4376374,0.979026971
23-butanediol,water,0.34,379.886734,0.980340768
23-butanediol,water,0.32,379.3712967,0.981558357
23-butanediol,water,0.3,378.8886372,0.98269248
23-butanediol,water,0.28,378.4359797,0.983755153
23-butanediol,water,0.26,378.0104234,0.984757961
23-butanediol,water,0.24,377.6089046,0.985712377
23-butanediol,water,0.22,377.228157,0.986630108
23-butanediol,water,0.2,376.8646708,0.987523499
23-butanediol,water,0.18,376.5146492,0.988406022
23-butanediol,water,0.16,376.1739637,0.989292902
23-butanediol,water,0.14,375.8381066,0.990201925
23-butanediol,water,0.12,375.5021423,0.991154531
23-butanediol,water,0.1,375.1606588,0.992177316
23-butanediol,water,0.08,374.8077204,0.993304143
23-butanediol,water,0.06,374.4368264,0.994579179
23-butanediol,water,0.04,374.0408838,0.996061341
23-butanediol,water,0.02,373.6122069,0.997830961
23-butanediol,water,0,373.1425686,1
dimethyl-sulfoxide,water,1,463.8846822,0
dimethyl-sulfoxide,water,0.98,459.7890348,0.119591747
dimethyl-sulfoxide,water,0.96,455.9506264,0.221920319
dimethyl-sulfoxide,water,0.94,452.3380202,0.310108021
dimethyl-sulfoxide,water,0.92,448.9250863,0.386591898
dimethyl-sulfoxide,water,0.9,445.6898768,0.453298947
dimethyl-sulfoxide,water,0.88,442.6137872,0.511770582
dimethyl-sulfoxide,water,0.86,439.6809204,0.563252662
dimethyl-sulfoxide,water,0.84,436.8775965,0.608761682
dimethyl-sulfoxide,water,0.82,434.1919701,0.649134143
dimethyl-sulfoxide,water,0.8,431.613727,0.685063849
dimethyl-sulfoxide,water,0.78,429.1338431,0.717130431
dimethyl-sulfoxide,water,0.76,426.7443883,0.745821386
dimethyl-sulfoxide,water,0.74,424.4383683,0.771549278
dimethyl-sulfoxide,water,0.72,422.2095942,0.79466529
dimethyl-sulfoxide,water,0.7,420.0525749,0.815469981
dimethyl-sulfoxide,water,0.68,417.9624279,0.834221902
dimethyl-sulfoxide,water,0.66,415.9348054,0.851144538
dimethyl-sulfoxide,water,0.64,413.9658309,0.866431949
dimethyl-sulfoxide,water,0.62,412.0520478,0.880253374
dimethyl-sulfoxide,water,0.6,410.1903745,0.892757014
dimethyl-sulfoxide,water,0.58,408.3780671,0.904073163
dimethyl-sulfoxide,water,0.56,406.6126882,0.914316804
dimethyl-sulfoxide,water,0.54,404.8920796,0.923589782
dimethyl-sulfoxide,water,0.52,403.2143403,0.931982619
dimethyl-sulfoxide,water,0.5,401.5778076,0.939576052
dimethyl-sulfoxide,water,0.48,399.9810408,0.946442327
dimethyl-sulfoxide,water,0.46,398.4228089,0.9526463
dimethyl-sulfoxide,water,0.44,396.9020793,0.95824638
dimethyl-sulfoxide,water,0.42,395.4180098,0.963295327
dimethyl-sulfoxide,water,0.4,393.969942,0.967840943
dimethyl-sulfoxide,water,0.38,392.5573964,0.971926663
dimethyl-sulfoxide,water,0.36,391.1800689,0.975592066
dimethyl-sulfoxide,water,0.34,389.8378296,0.978873315
dimethyl-sulfoxide,water,0.32,388.5307218,0.98180354
dimethyl-sulfoxide,water,0.3,387.2589628,0.984413167
dimethyl-sulfoxide,water,0.28,386.0229458,0.986730203
dimethyl-sulfoxide,water,0.26,384.8232428,0.988780489
dimethyl-sulfoxide,water,0.24,383.6606074,0.990587907
dimethyl-sulfoxide,water,0.22,382.53598,0.992174575
dimethyl-sulfoxide,water,0.2,381.4504918,0.993561001
dimethyl-sulfoxide,water,0.18,380.4054701,0.994766223
dimethyl-sulfoxide,water,0.16,379.4024432,0.99580793
dimethyl-sulfoxide,water,0.14,378.4431455,0.996702561
dimethyl-sulfoxide,water,0.12,377.5295209,0.997465393
dimethyl-sulfoxide,water,0.1,376.6637268,0.998110614
dimethyl-sulfoxide,water,0.08,375.8481343,0.998651385
dimethyl-sulfoxide,water,0.06,375.0853283,0.999099894
dimethyl-sulfoxide,water,0.04,374.378103,0.999467397
dimethyl-sulfoxide,water,0.02,373.7294546,0.999764263
dimethyl-sulfoxide,water,0,373.1425686,1
dimethylamine,water,1,280.217532,0
dimethylamine,water,0.98,280.6989303,0.000159419
dimethylamine,water,0.96,281.198838,0.000335116
dimethylamine,water,0.94,281.7178451,0.000528807
dimethylamine,water,0.92,282.256557,0.000742393
dimethylamine,water,0.9,282.8155949,0.000977986
dimethylamine,water,0.88,283.3955957,0.001237936
dimethylamine,water,0.86,283.9972125,0.001524851
dimethylamine,water,0.84,284.621115,0.001841634
dimethylamine,water,0.82,285.26799,0.002191515
dimethylamine,water,0.8,285.9385419,0.002578089
dimethylamine,water,0.78,286.6334938,0.003005362
dimethylamine,water,0.76,287.3535888,0.003477797
dimethylamine,water,0.74,288.0995912,0.004000371
dimethylamine,water,0.72,288.872289,0.00457864
dimethylamine,water,0.7,289.6724963,0.005218809
dimethylamine,water,0.68,290.501057,0.005927814
dimethylamine,water,0.66,291.3588489,0.006713419
dimethylamine,water,0.64,292.2467899,0.007584323
dimethylamine,water,0.62,293.1658449,0.008550289
dimethylamine,water,0.6,294.1170352,0.00962229
dimethylamine,water,0.58,295.10145,0.010812688
dimethylamine,water,0.56,296.1202612,0.012135442
dimethylamine,water,0.54,297.1747417,0.013606355
dimethylamine,water,0.52,298.2662888,0.015243381
dimethylamine,water,0.5,299.3964529,0.017066994
dimethylamine,water,0.48,300.5669744,0.019100654
dimethylamine,water,0.46,301.7798293,0.021371373
dimethylamine,water,0.44,303.0372871,0.023910453
dimethylamine,water,0.42,304.3419838,0.026754419
dimethylamine,water,0.4,305.697014,0.029946229
dimethylamine,water,0.38,307.1060485,0.033536871
dimethylamine,water,0.36,308.573484,0.03758748
dimethylamine,water,0.34,310.1046365,0.042172202
dimethylamine,water,0.32,311.7059902,0.047382103
dimethylamine,water,0.3,313.3855242,0.053330597
dimethylamine,water,0.28,315.1531411,0.060161109
dimethylamine,water,0.26,317.0212383,0.068058073
dimethylamine,water,0.24,319.0054758,0.077263013
dimethylamine,water,0.22,321.125822,0.088098582
dimethylamine,water,0.2,323.407995,0.101005299
dimethylamine,water,0.18,325.8854764,0.116599175
dimethylamine,water,0.16,328.602361,0.135764707
dimethylamine,water,0.14,331.6174367,0.159809716
dimethylamine,water,0.12,335.0100731,0.190732191
dimethylamine,water,0.1,338.8887244,0.23169749
dimethylamine,water,0.08,343.4030102,0.287925152
dimethylamine,water,0.06,348.7599836,0.368399128
dimethylamine,water,0.04,355.2429499,0.489265251
dimethylamine,water,0.02,363.223726,0.680652988
dimethylamine,water,0,373.1425686,1
diethyl-amine,water,1,328.8745387,0
diethyl-amine,water,0.98,329.2392673,0.007644745
diethyl-amine,water,0.96,329.6053468,0.01534972
diethyl-amine,water,0.94,329.9726455,0.023105858
diethyl-amine,water,0.92,330.3410269,0.030903797
diethyl-amine,water,0.9,330.7103479,0.038733905
diethyl-amine,water,0.88,331.0804595,0.046586317
diethyl-amine,water,0.86,331.4512051,0.05445096
diethyl-amine,water,0.84,331.8224205,0.062317593
diethyl-amine,water,0.82,332.1939333,0.070175842
diethyl-amine,water,0.8,332.5655622,0.07801524
diethyl-amine,water,0.78,332.9371166,0.085825273
diethyl-amine,water,0.76,333.3083968,0.093595424
diethyl-amine,water,0.74,333.6791931,0.101315228
diethyl-amine,water,0.72,334.0492867,0.108974324
diethyl-amine,water,0.7,334.4184498,0.11656252
diethyl-amine,water,0.68,334.7864466,0.124069861
diethyl-amine,water,0.66,335.1530348,0.131486708
diethyl-amine,water,0.64,335.5179678,0.138803829
diethyl-amine,water,0.62,335.8809981,0.146012496
diethyl-amine,water,0.6,336.2418809,0.153104611
diethyl-amine,water,0.58,336.6003808,0.160072839
diethyl-amine,water,0.56,336.9562787,0.166910783
diethyl-amine,water,0.54,337.3093827,0.173613179
diethyl-amine,water,0.52,337.659541,0.180176142
diethyl-amine,water,0.5,338.0066598,0.186597462
diethyl-amine,water,0.48,338.3507254,0.19287698
diethyl-amine,water,0.46,338.6918342,0.199017044
diethyl-amine,water,0.44,339.0302309,0.2050231
diethyl-amine,water,0.42,339.3663588,0.210904431
diethyl-amine,water,0.4,339.7009248,0.216675126
diethyl-amine,water,0.38,340.0349861,0.222355329
diethyl-amine,water,0.36,340.3700633,0.227972894
diethyl-amine,water,0.34,340.708292,0.233565601
diethyl-amine,water,0.32,341.0526248,0.239184146
diethyl-amine,water,0.3,341.4071054,0.244896276
diethyl-amine,water,0.28,341.7772428,0.250792556
diethyl-amine,water,0.26,342.1705278,0.25699462
diethyl-amine,water,0.24,342.5971574,0.263667181
diethyl-amine,water,0.22,343.0710647,0.271035956
diethyl-amine,water,0.2,343.6114075,0.279415149
diethyl-amine,water,0.18,344.2447626,0.289250852
diethyl-amine,water,0.16,345.0084283,0.301192025
diethyl-amine,water,0.14,345.9555106,0.316211191
diethyl-amine,water,0.12,347.1629599,0.335819177
diethyl-amine,water,0.1,348.7446054,0.362467536
diethyl-amine,water,0.08,350.8728364,0.40034911
diethyl-amine,water,0.06,353.8153113,0.457102169
diethyl-amine,water,0.04,357.9967376,0.547715972
diethyl-amine,water,0.02,364.0948438,0.704144325
diethyl-amine,water,0,373.1425686,1
furfuryl-alcohol,water,1,443.2526774,0
furfuryl-alcohol,water,0.98,429.615046,0.369228277
furfuryl-alcohol,water,0.96,419.7768126,0.559117347
furfuryl-alcohol,water,0.94,412.3710277,0.66893799
furfuryl-alcohol,water,0.92,406.5934205,0.738344897
furfuryl-alcohol,water,0.9,401.9570446,0.785239433
furfuryl-alcohol,water,0.88,398.15367,0.818582934
furfuryl-alcohol,water,0.86,394.979411,0.84325391
furfuryl-alcohol,water,0.84,392.2939946,0.862094628
furfuryl-alcohol,water,0.82,389.9975716,0.876855271
furfuryl-alcohol,water,0.8,388.0169551,0.888663968
furfuryl-alcohol,water,0.78,386.2971286,0.898276225
furfuryl-alcohol,water,0.76,384.7958177,0.906214645
furfuryl-alcohol,water,0.74,383.4799077,0.912850872
furfuryl-alcohol,water,0.72,382.3230138,0.918455591
furfuryl-alcohol,water,0.7,381.3037893,0.923230107
furfuryl-alcohol,water,0.68,380.4047235,0.927326896
furfuryl-alcohol,water,0.66,379.6112677,0.930863337
furfuryl-alcohol,water,0.64,378.9111901,0.933931114
furfuryl-alcohol,water,0.62,378.2940913,0.936602786
furfuryl-alcohol,water,0.6,377.7510333,0.938936464
furfuryl-alcohol,water,0.58,377.2742542,0.94097922
furfuryl-alcohol,water,0.56,376.856943,0.942769585
furfuryl-alcohol,water,0.54,376.4930619,0.944339433
furfuryl-alcohol,water,0.52,376.177203,0.945715423
furfuryl-alcohol,water,0.5,375.9044719,0.946920104
furfuryl-alcohol,water,0.48,375.6703926,0.947972811
furfuryl-alcohol,water,0.46,375.4708283,0.948890377
furfuryl-alcohol,water,0.44,375.301915,0.949687737
furfuryl-alcohol,water,0.42,375.160006,0.950378458
furfuryl-alcohol,water,0.4,375.0416239,0.950975215
furfuryl-alcohol,water,0.38,374.9434212,0.951490254
furfuryl-alcohol,water,0.36,374.8621451,0.951935867
furfuryl-alcohol,water,0.34,374.7946097,0.952324901
furfuryl-alcohol,water,0.32,374.737672,0.952671352
furfuryl-alcohol,water,0.3,374.6882141,0.952991056
furfuryl-alcohol,water,0.28,374.6431316,0.953302568
furfuryl-alcohol,water,0.26,374.5993285,0.953628271
furfuryl-alcohol,water,0.24,374.5537227,0.953995828
furfuryl-alcohol,water,0.22,374.5032621,0.954440117
furfuryl-alcohol,water,0.2,374.4449596,0.955005856
furfuryl-alcohol,water,0.18,374.3759507,0.955751209
furfuryl-alcohol,water,0.16,374.2935876,0.956752823
furfuryl-alcohol,water,0.14,374.1955831,0.958112986
furfuryl-alcohol,water,0.12,374.0802336,0.959969952
furfuryl-alcohol,water,0.1,373.9467576,0.962513132
furfuryl-alcohol,water,0.08,373.7958187,0.966005928
furfuryl-alcohol,water,0.06,373.6303358,0.970820844
furfuryl-alcohol,water,0.04,373.4567645,0.977495028
furfuryl-alcohol,water,0.02,373.2871576,0.98682094
furfuryl-alcohol,water,0,373.1425686,1
pyridine,water,1,388.3174635,0
pyridine,water,0.98,386.397393,0.073456634
pyridine,water,0.96,384.6642388,0.137549855
pyridine,water,0.94,383.0898361,0.194038775
pyridine,water,0.92,381.6523789,0.244245295
pyridine,water,0.9,380.3346399,0.289185374
pyridine,water,0.88,379.1227731,0.329654891
pyridine,water,0.86,378.0054857,0.366287611
pyridine,water,0.84,376.9734483,0.399595435
pyridine,water,0.82,376.0188659,0.42999699
pyridine,water,0.8,375.1351594,0.457838381
pyridine,water,0.78,374.3167247,0.483408521
pyridine,water,0.76,373.5587476,0.506950646
pyridine,water,0.74,372.8570593,0.52867108
pyridine,water,0.72,372.2080218,0.548746007
pyridine,water,0.7,371.6084362,0.567326752
pyridine,water,0.68,371.0554681,0.584543951
pyridine,water,0.66,370.5465854,0.600510863
pyridine,water,0.64,370.0795072,0.615326044
pyridine,water,0.62,369.6521597,0.629075494
pyridine,water,0.6,369.2626379,0.641834423
pyridine,water,0.58,368.9091726,0.653668685
pyridine,water,0.56,368.5901005,0.664635973
pyridine,water,0.54,368.3038363,0.674786809
pyridine,water,0.52,368.0488481,0.684165372
pyridine,water,0.5,367.8236321,0.692810206
pyridine,water,0.48,367.62669,0.700754831
pyridine,water,0.46,367.4565059,0.708028281
pyridine,water,0.44,367.3115234,0.714655609
pyridine,water,0.42,367.1901237,0.720658376
pyridine,water,0.4,367.0906038,0.726055171
pyridine,water,0.38,367.0111558,0.730862201
pyridine,water,0.36,366.9498495,0.735094018
pyridine,water,0.34,366.9046186,0.738764477
pyridine,water,0.32,366.8732556,0.741888045
pyridine,water,0.3,366.8534207,0.744481663
pyridine,water,0.28,366.8426736,0.746567441
pyridine,water,0.26,366.8385429,0.748176637
pyridine,water,0.24,366.8386567,0.749355605
pyridine,water,0.22,366.8409728,0.750174799
pyridine,water,0.2,366.8441695,0.750742628
pyridine,water,0.18,366.848302,0.751227126
pyridine,water,0.16,366.8558992,0.751890624
pyridine,water,0.14,366.8738127,0.753146805
pyridine,water,0.12,366.9163872,0.755658115
pyridine,water,0.1,367.0110563,0.760510451
pyridine,water,0.08,367.2086676,0.769547471
pyridine,water,0.06,367.6038199,0.78606918
pyridine,water,0.04,368.3789764,0.816478445
pyridine,water,0.02,369.9151378,0.874889925
pyridine,water,0,373.1425686,1
piperidine,water,1,379.4755815,0
piperidine,water,0.98,378.9138286,0.036098702
piperidine,water,0.96,378.3753742,0.07062717
piperidine,water,0.94,377.8592746,0.103682471
piperidine,water,0.92,377.3646877,0.135352408
piperidine,water,0.9,376.8908591,0.165716749
piperidine,water,0.88,376.4371115,0.19484827
piperidine,water,0.86,376.0028342,0.222813638
piperidine,water,0.84,375.5874744,0.249674173
piperidine,water,0.82,375.1905303,0.275486498
piperidine,water,0.8,374.811544,0.300303108
piperidine,water,0.78,374.4500958,0.324172864
piperidine,water,0.76,374.1057993,0.347141427
piperidine,water,0.74,373.7782962,0.369251647
piperidine,water,0.72,373.4672529,0.3905439
piperidine,water,0.7,373.1723562,0.411056407
piperidine,water,0.68,372.8933102,0.430825513
piperidine,water,0.66,372.6298335,0.449885947
piperidine,water,0.64,372.3816565,0.468271074
piperidine,water,0.62,372.1485189,0.486013121
piperidine,water,0.6,371.9301682,0.503143413
piperidine,water,0.58,371.7263579,0.51969259
piperidine,water,0.56,371.5368467,0.535690841
piperidine,water,0.54,371.3613976,0.551168138
piperidine,water,0.52,371.1997782,0.566154487
piperidine,water,0.5,371.0517613,0.580680196
piperidine,water,0.48,370.9171263,0.594776178
piperidine,water,0.46,370.7956622,0.608474287
piperidine,water,0.44,370.6871712,0.621807703
piperidine,water,0.42,370.5914746,0.634811388
piperidine,water,0.4,370.5084201,0.647522612
piperidine,water,0.38,370.4378921,0.659981596
piperidine,water,0.36,370.3798254,0.672232285
piperidine,water,0.34,370.3342227,0.68432329
piperidine,water,0.32,370.3011775,0.696309061
piperidine,water,0.3,370.2809043,0.70825135
piperidine,water,0.28,370.2737774,0.720221047
piperidine,water,0.26,370.2803809,0.732300533
piperidine,water,0.24,370.3015749,0.744586688
piperidine,water,0.22,370.3385805,0.757194814
piperidine,water,0.2,370.3930923,0.770263774
piperidine,water,0.18,370.4674261,0.783962821
piperidine,water,0.16,370.5647147,0.798500788
piperidine,water,0.14,370.6891692,0.814138596
piperidine,water,0.12,370.8464308,0.831206546
piperidine,water,0.1,371.0440473,0.850128599
piperidine,water,0.08,371.2921256,0.871457029
piperidine,water,0.06,371.6042336,0.895922828
piperidine,water,0.04,371.9986579,0.924510481
piperidine,water,0.02,372.5001754,0.958571391
piperidine,water,0,373.1425686,1
